Movie Name,Genre,Rating,Votes,Duration
Abigail,Unknown,6.5,115000.0,Unknown
The Substance,Unknown,7.2,408000.0,Unknown
The Life of Chuck,Unknown,7.3,62000.0,Unknown
Dune: Part Two,Unknown,8.4,720000.0,Unknown
Eden,Unknown,6.5,41000.0,Unknown
Anora,Unknown,7.4,265000.0,Unknown
We Bury the Dead,Unknown,5.6,8900.0,Unknown
Blink Twice,Unknown,6.5,127000.0,Unknown
Furiosa: A Mad Max Saga,Unknown,7.5,316000.0,Unknown
Relay,Unknown,7.0,31000.0,Unknown
Deadpool & Wolverine,Unknown,7.5,558000.0,Unknown
Nosferatu,Unknown,7.1,261000.0,Unknown
The Fall Guy,Unknown,6.8,253000.0,Unknown
Heretic,Unknown,7.0,219000.0,Unknown
The Beekeeper,Unknown,6.3,177000.0,Unknown
The Ministry of Ungentlemanly Warfare,Unknown,6.8,155000.0,Unknown
Cellar Door,Unknown,5.2,6700.0,Unknown
Trap,Unknown,5.8,162000.0,Unknown
The Wild Robot,Unknown,8.2,216000.0,Unknown
A Complete Unknown,Unknown,7.3,115000.0,Unknown
Civil War,Unknown,7.0,264000.0,Unknown
The Brutalist,Unknown,7.2,134000.0,Unknown
Bone Lake,Unknown,5.6,12000.0,Unknown
Wicked,Unknown,7.3,226000.0,Unknown
Kinds of Kindness,Unknown,6.4,70000.0,Unknown
Gladiator II,Unknown,6.5,291000.0,Unknown
Conclave,Unknown,7.4,254000.0,Unknown
Longlegs,Unknown,6.5,220000.0,Unknown
Babygirl,Unknown,5.8,79000.0,Unknown
Sonic the Hedgehog 3,Unknown,6.9,78000.0,Unknown
2073,Unknown,5.1,4000.0,Unknown
Sleeping Dogs,Unknown,6.2,26000.0,Unknown
Big World,Unknown,7.5,2200.0,Unknown
Challengers,Unknown,7.0,175000.0,Unknown
Alien: Romulus,Unknown,7.1,282000.0,Unknown
I Was a Stranger,Unknown,8.5,11000.0,Unknown
Speak No Evil,Unknown,6.8,130000.0,Unknown
Wolfs,Unknown,6.5,102000.0,Unknown
Small Things Like These,Unknown,6.7,36000.0,Unknown
Twisters,Unknown,6.5,192000.0,Unknown
I'm Still Here,Unknown,8.1,145000.0,Unknown
Kraven the Hunter,Unknown,5.5,79000.0,Unknown
IF,Unknown,6.4,65000.0,Unknown
It Ends with Us,Unknown,6.3,99000.0,Unknown
Ordinary Angels,Unknown,7.4,19000.0,Unknown
Fly Me to the Moon,Unknown,6.6,58000.0,Unknown
Friendship,Unknown,6.6,38000.0,Unknown
Joker: Folie à Deux,Unknown,5.2,180000.0,Unknown
Ghostbusters: Frozen Empire,Unknown,6.1,104000.0,Unknown
Shell,Unknown,4.9,3500.0,Unknown
MaXXXine,Unknown,6.2,85000.0,Unknown
The Order,Unknown,6.8,60000.0,Unknown
The Watchers,Unknown,5.7,68000.0,Unknown
Road House,Unknown,6.2,182000.0,Unknown
Caddo Lake,Unknown,6.8,53000.0,Unknown
Flow,Unknown,7.9,124000.0,Unknown
The Count of Monte-Cristo,Unknown,7.6,47000.0,Unknown
We Live in Time,Unknown,7.0,71000.0,Unknown
Godzilla x Kong: The New Empire,Unknown,6.0,133000.0,Unknown
Madame Web,Unknown,4.1,113000.0,Unknown
Smile 2,Unknown,6.7,137000.0,Unknown
The Idea of You,Unknown,6.3,83000.0,Unknown
Juror #2,Unknown,7.0,123000.0,Unknown
Carry-On,Unknown,6.5,191000.0,Unknown
Borderlands,Unknown,4.7,57000.0,Unknown
He's Watching You,Unknown,4.7,378000.0,Unknown
Beetlejuice Beetlejuice,Unknown,6.6,172000.0,Unknown
Strange Harvest,Unknown,6.3,5200.0,Unknown
Megalopolis,Unknown,4.7,41000.0,Unknown
Despicable Me 4,Unknown,6.2,77000.0,Unknown
The Apprentice,Unknown,7.1,72000.0,Unknown
Inside Out 2,Unknown,7.5,246000.0,Unknown
A Real Pain,Unknown,7.0,139000.0,Unknown
Kung Fu Panda 4,Unknown,6.3,80000.0,Unknown
Venom: The Last Dance,Unknown,6.0,152000.0,Unknown
A Quiet Place: Day One,Unknown,6.3,172000.0,Unknown
Moana 2,Unknown,6.3,123000.0,Unknown
Bad Boys: Ride or Die,Unknown,6.5,112000.0,Unknown
Rebel Ridge,Unknown,6.8,101000.0,Unknown
Oddity,Unknown,6.7,56000.0,Unknown
Tarot,Unknown,4.8,38000.0,Unknown
The Lord of the Rings: The War of the Rohirrim,Unknown,6.3,39000.0,Unknown
Scared to Death,Unknown,5.5,65000.0,Unknown
It's What's Inside,Unknown,6.6,50000.0,Unknown
Role Play,Unknown,5.5,20000.0,Unknown
I Saw the TV Glow,Unknown,5.8,44000.0,Unknown
Subservience,Unknown,5.4,35000.0,Unknown
The Instigators,Unknown,6.2,43000.0,Unknown
Horizon: An American Saga - Chapter 1,Unknown,6.6,45000.0,Unknown
September 5,Unknown,7.1,36000.0,Unknown
Argylle,Unknown,5.6,99000.0,Unknown
Damsel,Unknown,6.1,118000.0,Unknown
Reunion,Unknown,5.6,6300.0,Unknown
Tell Me What You Want,Unknown,4.0,2300.0,Unknown
K-Pops!,Unknown,6.0,153000.0,Unknown
Transformers One,Unknown,7.6,63000.0,Unknown
The Ties That Bind Us,Unknown,7.2,1800.0,Unknown
Scoop,Unknown,6.5,22000.0,Unknown
Shelby Oaks,Unknown,5.4,11000.0,Unknown
Fight or Flight,Unknown,6.4,25000.0,Unknown
Mufasa: The Lion King,Unknown,6.6,81000.0,Unknown
The Assessment,Unknown,6.6,22000.0,Unknown
Kingdom of the Planet of the Apes,Unknown,6.8,167000.0,Unknown
Spaceman,Unknown,5.7,47000.0,Unknown
Terrifier 3,Unknown,6.2,62000.0,Unknown
Maharaja,Unknown,8.3,80000.0,Unknown
Don't Move,Unknown,5.8,45000.0,Unknown
The Garfield Movie,Unknown,5.7,27000.0,Unknown
In a Violent Nature,Unknown,5.5,30000.0,Unknown
The Killer,Unknown,5.7,17000.0,Unknown
Presence,Unknown,6.1,42000.0,Unknown
Land of Bad,Unknown,6.6,58000.0,Unknown
Parthenope,Unknown,6.5,20000.0,Unknown
The Last Sacrifice,Unknown,6.5,200000.0,Unknown
Love Lies Bleeding,Unknown,6.6,63000.0,Unknown
On Swift Horses,Unknown,6.0,5800.0,Unknown
Stream,Unknown,5.7,10000.0,Unknown
Horizon: An American Saga - Chapter 2,Unknown,7.0,1700.0,Unknown
Red One,Unknown,6.2,158000.0,Unknown
Freaky Tales,Unknown,6.2,17000.0,Unknown
The Strangers: Chapter 1,Unknown,4.7,28000.0,Unknown
Snack Shack,Unknown,7.0,16000.0,Unknown
Upgraded,Unknown,6.1,33000.0,Unknown
The Killer's Game,Unknown,5.8,21000.0,Unknown
Elevation,Unknown,5.6,30000.0,Unknown
Hunting Matthew Nichols,Unknown,8.1,100000.0,Unknown
Queer,Unknown,6.3,29000.0,Unknown
Dear Santa,Unknown,5.4,22000.0,Unknown
Immaculate,Unknown,5.8,60000.0,Unknown
Nightbitch,Unknown,5.5,24000.0,Unknown
Mahavatar Narsimha,Unknown,8.5,46000.0,Unknown
A Different Man,Unknown,6.9,37000.0,Unknown
The Luckiest Man in America,Unknown,6.2,7700.0,Unknown
Afternoons of Solitude,Unknown,7.1,1700.0,Unknown
Here,Unknown,6.3,27000.0,Unknown
Old Guy,Unknown,5.3,5900.0,Unknown
The Friend,Unknown,6.4,6800.0,Unknown
Exhuma,Unknown,6.9,28000.0,Unknown
Night Swim,Unknown,4.7,32000.0,Unknown
The Return,Unknown,6.3,14000.0,Unknown
Salem's Lot,Unknown,5.6,40000.0,Unknown
Uma Musume: Pretty Derby - Beginning of a New Era,Unknown,7.7,683000.0,Unknown
Homestead,Unknown,5.2,5200.0,Unknown
My Old Ass,Unknown,6.9,47000.0,Unknown
Sasquatch Sunset,Unknown,5.4,6100.0,Unknown
Boong,Unknown,7.5,220000.0,Unknown
Emilia Pérez,Unknown,5.3,112000.0,Unknown
Better Man,Unknown,7.5,44000.0,Unknown
Monster Summer,Unknown,5.7,7200.0,Unknown
The Penguin Lessons,Unknown,7.1,11000.0,Unknown
Mean Girls,Unknown,5.5,41000.0,Unknown
Back to Black,Unknown,6.3,30000.0,Unknown
How to Make a Killing,Unknown,6.5,3100.0,Unknown
Paddington in Peru,Unknown,6.6,34000.0,Unknown
Miller's Girl,Unknown,5.2,27000.0,Unknown
Nickel Boys,Unknown,6.9,24000.0,Unknown
Amber Alert,Unknown,6.1,7800.0,Unknown
Saturday Night,Unknown,6.9,38000.0,Unknown
The Six Triple Eight,Unknown,6.7,31000.0,Unknown
All of You,Unknown,6.3,9000.0,Unknown
Nr. 24,Unknown,7.5,20000.0,Unknown
Long Distance,Unknown,5.7,6400.0,Unknown
Maria,Unknown,6.4,25000.0,Unknown
Girls Will Be Girls,Unknown,7.0,3400.0,Unknown
The Empire,Unknown,5.2,1600.0,Unknown
Damaged,Unknown,4.7,9000.0,Unknown
Emmanuelle,Unknown,4.1,3100.0,Unknown
Rust,Unknown,5.7,4800.0,Unknown
No Chains No Masters,Unknown,6.3,867000.0,Unknown
Attack on Titan the Movie: The Last Attack,Unknown,9.2,25000.0,Unknown
Ricky Stanicky,Unknown,6.2,61000.0,Unknown
Boneyard,Unknown,4.2,6100.0,Unknown
Monkey Man,Unknown,6.8,99000.0,Unknown
My Dead Friend Zoe,Unknown,6.5,3900.0,Unknown
Brothers,Unknown,5.4,15000.0,Unknown
Memoir of a Snail,Unknown,7.8,25000.0,Unknown
Thelma,Unknown,7.0,27000.0,Unknown
William Tell,Unknown,5.7,7400.0,Unknown
40 Acres,Unknown,6.5,6200.0,Unknown
Sidelined: The QB and Me,Unknown,5.8,5800.0,Unknown
Riff Raff,Unknown,5.7,8500.0,Unknown
The Room Next Door,Unknown,6.8,27000.0,Unknown
Arcadian,Unknown,5.5,27000.0,Unknown
The Union,Unknown,5.5,58000.0,Unknown
No Other Land,Unknown,8.2,34000.0,Unknown
King Ivory,Unknown,6.2,1200.0,Unknown
The Outrun,Unknown,6.9,22000.0,Unknown
Drive-Away Dolls,Unknown,5.4,28000.0,Unknown
The Seed of the Sacred Fig,Unknown,7.5,19000.0,Unknown
The Crow,Unknown,4.7,41000.0,Unknown
The Shrouds,Unknown,5.7,8600.0,Unknown
Blitz,Unknown,6.2,18000.0,Unknown
Mothers' Instinct,Unknown,6.3,24000.0,Unknown
Bird,Unknown,7.0,12000.0,Unknown
The Salt Path,Unknown,6.6,6600.0,Unknown
Empire Waist,Unknown,6.2,552000.0,Unknown
Bob Trevino Likes It,Unknown,7.4,7200.0,Unknown
Atlas,Unknown,5.6,59000.0,Unknown
The Girl with the Needle,Unknown,7.5,20000.0,Unknown
The Wonderful Story of Henry Sugar and Three More,Unknown,7.1,12000.0,Unknown
Familiar Touch,Unknown,7.1,1300.0,Unknown
Uglies,Unknown,4.7,37000.0,Unknown
Hellboy: The Crooked Man,Unknown,4.5,17000.0,Unknown
The Rule of Jenny Pen,Unknown,6.1,11000.0,Unknown
Beverly Hills Cop: Axel F,Unknown,6.4,87000.0,Unknown
Your Monster,Unknown,6.4,8200.0,Unknown
Look Back,Unknown,7.8,21000.0,Unknown
Red Right Hand,Unknown,5.5,6700.0,Unknown
The Last Showgirl,Unknown,6.5,21000.0,Unknown
The Unholy Trinity,Unknown,5.5,6100.0,Unknown
Lift,Unknown,5.6,52000.0,Unknown
Young Hearts,Unknown,7.9,8400.0,Unknown
Kneecap,Unknown,7.6,24000.0,Unknown
Solo Leveling: ReAwakening,Unknown,8.7,17000.0,Unknown
Four Letters of Love,Unknown,6.0,1200.0,Unknown
Sketch,Unknown,6.6,5700.0,Unknown
Arthur the King,Unknown,7.0,38000.0,Unknown
The Surfer,Unknown,5.9,20000.0,Unknown
MadS,Unknown,6.3,12000.0,Unknown
Apartment 7A,Unknown,5.9,20000.0,Unknown
The First Omen,Unknown,6.5,71000.0,Unknown
U Are the Universe,Unknown,7.9,4300.0,Unknown
A Family Affair,Unknown,5.4,40000.0,Unknown
Greedy People,Unknown,6.2,15000.0,Unknown
Don't Let's Go to the Dogs Tonight,Unknown,6.9,1200.0,Unknown
Kill Em All 2,Unknown,4.1,1600.0,Unknown
Cuckoo,Unknown,5.7,33000.0,Unknown
Incoming,Unknown,5.8,16000.0,Unknown
Turtles All the Way Down,Unknown,6.6,8700.0,Unknown
Zero,Unknown,4.9,213000.0,Unknown
How to Make Millions Before Grandma Dies,Unknown,7.9,21000.0,Unknown
Young Woman and the Sea,Unknown,7.5,20000.0,Unknown
Rebel Moon - Part Two: The Scargiver,Unknown,5.3,63000.0,Unknown
Y2K,Unknown,4.7,20000.0,Unknown
Souleymane's Story,Unknown,7.6,6600.0,Unknown
Lucky Baskhar,Unknown,8.0,41000.0,Unknown
My Spy: The Eternal City,Unknown,5.7,12000.0,Unknown
Joy,Unknown,7.1,12000.0,Unknown
Barron's Cove,Unknown,6.0,1800.0,Unknown
Hard Truths,Unknown,7.2,8900.0,Unknown
Absolution,Unknown,5.2,11000.0,Unknown
Sheepdog,Unknown,6.4,207000.0,Unknown
Secret Mall Apartment,Unknown,7.0,2700.0,Unknown
The Forge,Unknown,6.8,5900.0,Unknown
Lowlifes,Unknown,6.2,7700.0,Unknown
Daddy's Head,Unknown,5.6,6500.0,Unknown
Love Me Dead,Unknown,4.0,175000.0,Unknown
Meiyazhagan,Unknown,8.5,22000.0,Unknown
A Sacrifice,Unknown,5.0,7300.0,Unknown
Lisa Frankenstein,Unknown,6.1,32000.0,Unknown
The Backrooms,Unknown,8.5,49000.0,Unknown
The Deliverance,Unknown,5.1,25000.0,Unknown
Kalki 2898 AD,Unknown,7.0,75000.0,Unknown
Bring Them Down,Unknown,6.4,5800.0,Unknown
Survive,Unknown,4.6,4500.0,Unknown
A Nice Indian Boy,Unknown,7.3,7400.0,Unknown
Unstoppable,Unknown,6.8,5200.0,Unknown
The Exorcism,Unknown,4.2,13000.0,Unknown
Spin the Bottle,Unknown,3.6,1700.0,Unknown
Azrael,Unknown,5.3,14000.0,Unknown
Billy Preston: That's the Way God Planned It,Unknown,8.6,46000.0,Unknown
Reagan,Unknown,6.2,13000.0,Unknown
The Silent Hour,Unknown,6.1,10000.0,Unknown
The Platform 2,Unknown,4.9,46000.0,Unknown
Time Cut,Unknown,5.1,22000.0,Unknown
The Thinking Game,Unknown,7.6,1600.0,Unknown
Spellbound,Unknown,5.5,8900.0,Unknown
Winter Spring Summer or Fall,Unknown,6.1,5800.0,Unknown
Descendants: The Rise of Red,Unknown,4.7,8100.0,Unknown
The Damned,Unknown,5.7,8300.0,Unknown
Killer Heat,Unknown,5.6,15000.0,Unknown
Cloud,Unknown,6.5,4300.0,Unknown
Anaconda,Unknown,4.8,1300.0,Unknown
Wallace & Gromit: Vengeance Most Fowl,Unknown,7.5,41000.0,Unknown
Suncoast,Unknown,6.7,8200.0,Unknown
Bob Marley: One Love,Unknown,6.2,39000.0,Unknown
Harold and the Purple Crayon,Unknown,5.7,10000.0,Unknown
Lilies Not for Me,Unknown,7.1,1600.0,Unknown
All We Imagine as Light,Unknown,7.1,14000.0,Unknown
Spermageddon,Unknown,5.4,3700.0,Unknown
Dìdi,Unknown,7.3,16000.0,Unknown
Jackpot!,Unknown,5.8,34000.0,Unknown
Undercover,Unknown,7.1,6000.0,Unknown
V/H/S/Beyond,Unknown,5.8,12000.0,Unknown
Consumed,Unknown,3.7,926000.0,Unknown
Hijack 1971,Unknown,6.8,4100.0,Unknown
The Tearsmith,Unknown,5.2,14000.0,Unknown
Magpie,Unknown,6.3,4800.0,Unknown
Bramayugam,Unknown,7.7,17000.0,Unknown
Never Let Go,Unknown,5.4,19000.0,Unknown
Unfrosted,Unknown,5.5,37000.0,Unknown
The Fable,Unknown,6.3,21000.0,Unknown
Goodrich,Unknown,6.3,7600.0,Unknown
Queen of the Ring,Unknown,6.4,3100.0,Unknown
Culpa tuya,Unknown,5.3,18000.0,Unknown
Lonely Planet,Unknown,5.7,13000.0,Unknown
Lazareth,Unknown,4.4,1200.0,Unknown
Sacramento,Unknown,5.9,3800.0,Unknown
Canary Black,Unknown,5.4,14000.0,Unknown
Beating Hearts,Unknown,7.0,8300.0,Unknown
Saali Mohabbat,Unknown,7.2,4200.0,Unknown
Dirty Angels,Unknown,4.6,6700.0,Unknown
Die Alone,Unknown,5.8,5600.0,Unknown
The American Society of Magical Negroes,Unknown,3.8,13000.0,Unknown
Mr. K,Unknown,5.4,2000.0,Unknown
Black Dog,Unknown,7.2,5500.0,Unknown
The Day the Earth Blew Up: A Looney Tunes Movie,Unknown,6.8,8600.0,Unknown
Cabrini,Unknown,7.3,9900.0,Unknown
Afraid,Unknown,5.2,17000.0,Unknown
Get Away,Unknown,5.3,11000.0,Unknown
Viva Verdi!,Unknown,6.2,287000.0,Unknown
Last Night on Earth,Unknown,4.7,655000.0,Unknown
The Greatest Hits,Unknown,6.2,8700.0,Unknown
Slingshot,Unknown,5.7,12000.0,Unknown
Dreams,Unknown,7.2,3300.0,Unknown
The Fix,Unknown,4.7,2300.0,Unknown
Uprising,Unknown,6.6,7000.0,Unknown
Dead Sea,Unknown,5.2,6000.0,Unknown
The Trainer,Unknown,5.6,107000.0,Unknown
Strangers,Unknown,4.3,577000.0,Unknown
Watchmen: Chapter I,Unknown,7.1,8200.0,Unknown
Trigger Warning,Unknown,4.6,21000.0,Unknown
Hear Me: Our Summer,Unknown,7.5,1500.0,Unknown
Justice League: Crisis on Infinite Earths - Part Three,Unknown,6.1,5600.0,Unknown
Sew Torn,Unknown,6.0,2800.0,Unknown
Will & Harper,Unknown,7.4,14000.0,Unknown
F*** Marry Kill,Unknown,5.3,5400.0,Unknown
Bull Run,Unknown,4.2,262000.0,Unknown
Marmalade,Unknown,6.3,4500.0,Unknown
Apocalypse Z: The Beginning of the End,Unknown,6.1,23000.0,Unknown
Premalu,Unknown,7.8,23000.0,Unknown
Somnium,Unknown,4.9,1300.0,Unknown
Drugstore June,Unknown,5.4,2200.0,Unknown
Woodwalkers,Unknown,5.0,1100.0,Unknown
"Canadian, Sniper",Unknown,3.7,682000.0,Unknown
I Don't Understand You,Unknown,5.4,2200.0,Unknown
Drive Back,Unknown,4.6,1300.0,Unknown
Skincare,Unknown,5.7,5900.0,Unknown
Hide N Seek,Unknown,8.4,2400.0,Unknown
Blood Star,Unknown,6.0,6900.0,Unknown
Through My Window: Looking at You,Unknown,5.5,6600.0,Unknown
Two to One,Unknown,6.1,1300.0,Unknown
Humane,Unknown,5.5,9200.0,Unknown
Aftermath,Unknown,5.2,5100.0,Unknown
Force of Nature,Unknown,5.9,9500.0,Unknown
The Knife,Unknown,5.8,476000.0,Unknown
The Shadow Strays,Unknown,6.5,11000.0,Unknown
Hidden Face,Unknown,6.2,1000.0,Unknown
The Thicket,Unknown,5.9,5700.0,Unknown
On Becoming a Guinea Fowl,Unknown,7.0,2500.0,Unknown
The Ruse,Unknown,5.5,2800.0,Unknown
Pedro Páramo,Unknown,6.3,3500.0,Unknown
Race for Glory: Audi vs. Lancia,Unknown,5.8,5900.0,Unknown
Diane Warren: Relentless,Unknown,6.3,634000.0,Unknown
The Marching Band,Unknown,7.4,6500.0,Unknown
Bagman,Unknown,4.7,7900.0,Unknown
Hot Spot,Unknown,7.3,1100.0,Unknown
Harvest,Unknown,6.0,2000.0,Unknown
The Summer Book,Unknown,6.5,1300.0,Unknown
Succubus,Unknown,4.7,2100.0,Unknown
Rich Flu,Unknown,5.0,7700.0,Unknown
Manas,Unknown,7.8,1200.0,Unknown
Handsome Guys,Unknown,6.5,1800.0,Unknown
Ghostlight,Unknown,7.5,8000.0,Unknown
Romance on the Ranch,Unknown,6.8,617000.0,Unknown
Weekend in Taipei,Unknown,5.7,6800.0,Unknown
The Roundup: Punishment,Unknown,6.6,6600.0,Unknown
When Fall Is Coming,Unknown,6.9,4200.0,Unknown
The 4:30 Movie,Unknown,6.0,4600.0,Unknown
Life of Belle,Unknown,5.0,842000.0,Unknown
The Devil's Bath,Unknown,6.6,7900.0,Unknown
Four Mothers,Unknown,6.7,1000.0,Unknown
No Way Up,Unknown,4.6,12000.0,Unknown
Sector 36,Unknown,7.1,27000.0,Unknown
Al Fayed: Predator at Harrods,Unknown,5.2,106000.0,Unknown
Psycho Therapy: The Shallow Tale of a Writer Who Decided to Write about a Serial Killer,Unknown,6.2,3600.0,Unknown
Santosh,Unknown,7.1,3500.0,Unknown
Manjummel Boys,Unknown,8.2,33000.0,Unknown
Kishkindha Kaandam,Unknown,8.0,16000.0,Unknown
Waltzing with Brando,Unknown,5.9,1100.0,Unknown
Ick,Unknown,5.2,1900.0,Unknown
Beautiful Wedding,Unknown,4.1,5100.0,Unknown
Sumala,Unknown,5.8,1600.0,Unknown
The Master and Margarita,Unknown,7.1,6600.0,Unknown
Robin and the Hoods,Unknown,4.3,631000.0,Unknown
Striking Rescue,Unknown,5.7,1300.0,Unknown
The Cut,Unknown,5.6,1900.0,Unknown
Dead Mail,Unknown,6.0,3400.0,Unknown
Ghost Train,Unknown,5.2,547000.0,Unknown
Armor,Unknown,3.6,5500.0,Unknown
Unit 234,Unknown,5.4,1300.0,Unknown
My Favourite Cake,Unknown,7.4,9800.0,Unknown
Watchmen: Chapter II,Unknown,7.1,4500.0,Unknown
Justice League: Crisis on Infinite Earths - Part One,Unknown,6.2,9700.0,Unknown
Longing,Unknown,4.8,1400.0,Unknown
Bookworm,Unknown,6.0,2700.0,Unknown
Piece by Piece,Unknown,6.9,7600.0,Unknown
Millers in Marriage,Unknown,5.4,857000.0,Unknown
Irish Wish,Unknown,5.3,23000.0,Unknown
Lembayung,Unknown,5.8,893000.0,Unknown
My Penguin Friend,Unknown,6.8,7100.0,Unknown
Omni Loop,Unknown,5.6,3800.0,Unknown
Bonjour Tristesse,Unknown,5.7,1300.0,Unknown
Badland Hunters,Unknown,6.0,13000.0,Unknown
Lake George,Unknown,6.5,2100.0,Unknown
Pavements,Unknown,7.0,1200.0,Unknown
El 47,Unknown,7.2,5000.0,Unknown
Frewaka,Unknown,6.1,3100.0,Unknown
2B Honest,Unknown,4.1,123000.0,Unknown
Vanished Into the Night,Unknown,5.2,5200.0,Unknown
Hot Frosty,Unknown,5.3,16000.0,Unknown
The Wailing,Unknown,6.0,2900.0,Unknown
Lilly,Unknown,7.0,727000.0,Unknown
Article 370,Unknown,7.8,27000.0,Unknown
The Radleys,Unknown,5.1,3600.0,Unknown
The Piano Lesson,Unknown,6.2,5600.0,Unknown
Kill the Jockey,Unknown,6.3,3000.0,Unknown
Code 8: Part II,Unknown,5.7,17000.0,Unknown
Sunshine,Unknown,7.4,408000.0,Unknown
Soundtrack to a Coup d'Etat,Unknown,7.8,3900.0,Unknown
7 Keys,Unknown,5.9,55000.0,Unknown
La Cocina,Unknown,7.0,4900.0,Unknown
White Snake: Afloat,Unknown,6.9,785000.0,Unknown
Grafted,Unknown,5.6,3400.0,Unknown
Saint Clare,Unknown,4.6,1200.0,Unknown
Mon Potongo,Unknown,4.6,972000.0,Unknown
Life After Fighting,Unknown,6.4,2700.0,Unknown
Cookster: The Darkest Days,Unknown,6.3,108000.0,Unknown
Monster Island,Unknown,5.2,2200.0,Unknown
The Day Everything Changed,Unknown,6.7,205000.0,Unknown
KA,Unknown,7.1,2000.0,Unknown
Happyend,Unknown,6.8,1900.0,Unknown
Vermiglio,Unknown,6.9,6800.0,Unknown
Bonhoeffer: Pastor. Spy. Assassin.,Unknown,6.2,4600.0,Unknown
Madgaon Express,Unknown,7.0,43000.0,Unknown
18×2 Beyond Youthful Days,Unknown,7.5,2900.0,Unknown
My Fault,Unknown,4.2,7500.0,Unknown
I Wish You All the Best,Unknown,5.5,607000.0,Unknown
The Inheritance,Unknown,4.7,3400.0,Unknown
"Hammer: Heroes, Legends and Monsters",Unknown,6.6,257000.0,Unknown
Behind the Lines,Unknown,8.1,55000.0,Unknown
Superboys of Malegaon,Unknown,7.7,8400.0,Unknown
Someone Like You,Unknown,5.9,2800.0,Unknown
Twilight of the Warriors: Walled In,Unknown,6.9,12000.0,Unknown
Eephus,Unknown,6.7,2300.0,Unknown
Rob Peace,Unknown,6.6,2800.0,Unknown
Rumours,Unknown,4.8,6200.0,Unknown
100 litraa sahtia,Unknown,6.4,1300.0,Unknown
Marcella,Unknown,8.1,70000.0,Unknown
Under Paris,Unknown,5.2,39000.0,Unknown
Baby John,Unknown,5.0,19000.0,Unknown
Outbreak,Unknown,4.5,1800.0,Unknown
On Falling,Unknown,7.0,1900.0,Unknown
Cheaters,Unknown,4.3,230000.0,Unknown
Hell Hole,Unknown,4.4,1500.0,Unknown
The Wasp,Unknown,6.1,6000.0,Unknown
A House on Fire,Unknown,7.2,4100.0,Unknown
Macbeth,Unknown,7.9,192000.0,Unknown
Gaslit by My Husband: The Morgan Metzer Story,Unknown,6.1,681000.0,Unknown
Dead Money,Unknown,5.8,953000.0,Unknown
Love in the Big City,Unknown,7.4,2300.0,Unknown
The Bibi Files,Unknown,7.6,1900.0,Unknown
Sex,Unknown,6.6,2500.0,Unknown
Milk & Serial,Unknown,6.6,3300.0,Unknown
"Husband, Father, Killer: The Alyssa Pladl Story",Unknown,6.3,515000.0,Unknown
River of Blood,Unknown,4.6,2800.0,Unknown
Sweet Dreams,Unknown,5.5,1900.0,Unknown
Outside,Unknown,5.1,5300.0,Unknown
The Goat Life,Unknown,7.1,50000.0,Unknown
Universal Language,Unknown,6.9,3100.0,Unknown
Touch,Unknown,7.4,7100.0,Unknown
Justice League: Crisis on Infinite Earths - Part Two,Unknown,5.6,6400.0,Unknown
Teri Baaton Mein Aisa Uljha Jiya,Unknown,6.2,56000.0,Unknown
Sound of Hope: The Story of Possum Trot,Unknown,7.1,2500.0,Unknown
Sahbek Rajel,Unknown,7.9,160000.0,Unknown
Jim Henson: Idea Man,Unknown,7.7,4300.0,Unknown
Pegasus 2,Unknown,6.9,1500.0,Unknown
Tyler Perry's Divorce in the Black,Unknown,4.7,3900.0,Unknown
Breathe,Unknown,4.3,8300.0,Unknown
Rita,Unknown,5.5,1200.0,Unknown
Seeking Haven for Mr. Rambo,Unknown,8.0,1800.0,Unknown
Sweethearts,Unknown,5.5,4800.0,Unknown
The Beast Within,Unknown,4.3,6300.0,Unknown
The Prosecutor,Unknown,6.5,4400.0,Unknown
Music by John Williams,Unknown,8.2,5900.0,Unknown
Escape,Unknown,6.4,2700.0,Unknown
The End,Unknown,5.4,3200.0,Unknown
Winner,Unknown,6.5,3300.0,Unknown
Cult Killer,Unknown,4.8,3400.0,Unknown
Crew,Unknown,5.8,39000.0,Unknown
Boys Go to Jupiter,Unknown,6.5,648000.0,Unknown
Things Will Be Different,Unknown,5.2,3400.0,Unknown
Misericordia,Unknown,6.7,4500.0,Unknown
Parallel,Unknown,5.3,2300.0,Unknown
Buffalo Kids,Unknown,6.6,1000.0,Unknown
Bad Genius,Unknown,6.3,3300.0,Unknown
The Second Act,Unknown,6.4,4700.0,Unknown
Winter in Sokcho,Unknown,6.8,1400.0,Unknown
Dead Talents Society,Unknown,7.0,3800.0,Unknown
Mom,Unknown,4.6,588000.0,Unknown
Find Me Falling,Unknown,6.3,14000.0,Unknown
Year 10,Unknown,5.4,3000.0,Unknown
Loveable,Unknown,7.5,4700.0,Unknown
Micro Budget,Unknown,7.6,53000.0,Unknown
Space Cowboy,Unknown,9.0,62000.0,Unknown
Sting,Unknown,5.7,19000.0,Unknown
Unsung Hero,Unknown,7.0,5700.0,Unknown
Aavesham,Unknown,7.8,33000.0,Unknown
Officer Black Belt,Unknown,6.9,10000.0,Unknown
Sebastian,Unknown,6.7,2700.0,Unknown
Drawing Closer,Unknown,7.7,3600.0,Unknown
Rez Ball,Unknown,6.4,2900.0,Unknown
Bang Bang,Unknown,6.1,588000.0,Unknown
The Fabulous Four,Unknown,4.9,2000.0,Unknown
Girl Haunts Boy,Unknown,6.3,3900.0,Unknown
Brats,Unknown,6.5,7400.0,Unknown
"Oh, Canada",Unknown,5.6,3000.0,Unknown
The Beldham,Unknown,5.1,991000.0,Unknown
The Supremes at Earl's All-You-Can-Eat,Unknown,6.5,1700.0,Unknown
Eagle Eyes,Unknown,4.7,3500.0,Unknown
Peacock,Unknown,7.1,2100.0,Unknown
The Severed Sun,Unknown,5.0,772000.0,Unknown
Luther: Never Too Much,Unknown,8.0,1100.0,Unknown
That Christmas,Unknown,6.8,20000.0,Unknown
Relative Control,Unknown,7.0,65000.0,Unknown
Paul Anka: His Way,Unknown,7.4,183000.0,Unknown
Lollipop,Unknown,7.1,271000.0,Unknown
Vina: Before 7 Days,Unknown,5.4,758000.0,Unknown
The Gutter,Unknown,5.4,720000.0,Unknown
Witchboard,Unknown,5.1,2900.0,Unknown
Space Cadet,Unknown,5.0,11000.0,Unknown
Intercepted,Unknown,7.9,694000.0,Unknown
Megamind vs. The Doom Syndicate,Unknown,2.4,6200.0,Unknown
Amaran,Unknown,8.1,24000.0,Unknown
Winnie-the-Pooh: Blood and Honey 2,Unknown,4.6,13000.0,Unknown
The Exiles,Unknown,6.3,327000.0,Unknown
The Lost Children,Unknown,7.0,3500.0,Unknown
The Front Room,Unknown,4.7,6700.0,Unknown
Lights Out,Unknown,4.9,2000.0,Unknown
The Commandant's Shadow,Unknown,7.4,1300.0,Unknown
Hold Your Breath,Unknown,5.3,9900.0,Unknown
The Astronaut Lovers,Unknown,7.1,1600.0,Unknown
One More Shot,Unknown,5.4,4300.0,Unknown
French Girl,Unknown,5.5,3200.0,Unknown
The Tiger's Apprentice,Unknown,5.8,2400.0,Unknown
Billy,Unknown,7.5,17000.0,Unknown
The Other Way Around,Unknown,6.4,2100.0,Unknown
Pretty Teacher,Unknown,4.7,746000.0,Unknown
Guns & Moses,Unknown,5.4,916000.0,Unknown
Bad Shabbos,Unknown,6.4,1500.0,Unknown
Crossing,Unknown,7.4,6500.0,Unknown
Black Box Diaries,Unknown,7.5,4400.0,Unknown
Lick,Unknown,6.1,1300.0,Unknown
Midas Man,Unknown,6.4,2100.0,Unknown
Parvulos,Unknown,6.4,604000.0,Unknown
Went Up the Hill,Unknown,5.3,484000.0,Unknown
Sallywood,Unknown,7.5,86000.0,Unknown
Griffin in Summer,Unknown,6.8,1100.0,Unknown
Following,Unknown,6.5,1800.0,Unknown
All That We Love,Unknown,6.2,253000.0,Unknown
Players,Unknown,5.7,13000.0,Unknown
Inside,Unknown,6.4,1300.0,Unknown
Stree 2: Sarkate Ka Aatank,Unknown,6.9,46000.0,Unknown
The Balconettes,Unknown,5.8,2600.0,Unknown
Bhakshak,Unknown,7.2,7500.0,Unknown
Addition,Unknown,7.4,108000.0,Unknown
The Visitor,Unknown,3.9,533000.0,Unknown
Fighter,Unknown,6.2,54000.0,Unknown
Push,Unknown,4.6,1000.0,Unknown
Babes,Unknown,6.3,7100.0,Unknown
Down the Rabbit Hole,Unknown,5.6,613000.0,Unknown
Aliens Expanded,Unknown,8.1,831000.0,Unknown
Motel Destino,Unknown,6.5,2700.0,Unknown
Duchess,Unknown,4.6,2000.0,Unknown
Queen of Bones,Unknown,4.8,1100.0,Unknown
High Tide,Unknown,6.3,1300.0,Unknown
The Colors Within,Unknown,7.0,1700.0,Unknown
Double or Nothing,Unknown,6.8,39000.0,Unknown
Sharp Corner,Unknown,5.9,4600.0,Unknown
Hounds of War,Unknown,4.6,2400.0,Unknown
Holy Cow,Unknown,7.0,4300.0,Unknown
The Lost Daughter,Unknown,5.2,446000.0,Unknown
Love Game,Unknown,6.4,62000.0,Unknown
A Desert,Unknown,5.5,1200.0,Unknown
Pushpa: The Rule - Part 2,Unknown,6.1,66000.0,Unknown
A Bronx Tale: The Original One Man Show,Unknown,8.0,67000.0,Unknown
Something in the Water,Unknown,4.1,5700.0,Unknown
Le dernier souffle,Unknown,6.7,526000.0,Unknown
Haikyu!! The Dumpster Battle,Unknown,7.7,7700.0,Unknown
Half Baked: Totally High,Unknown,4.6,413000.0,Unknown
Siddharth Roy,Unknown,6.2,3000.0,Unknown
The Most Precious of Cargoes,Unknown,7.1,2200.0,Unknown
How to Date Billy Walsh,Unknown,5.2,4300.0,Unknown
Levels,Unknown,5.0,2000.0,Unknown
Family Pack,Unknown,5.5,11000.0,Unknown
Caught by the Tides,Unknown,6.7,2500.0,Unknown
The Children's Train,Unknown,7.4,9700.0,Unknown
The Good Teacher,Unknown,6.6,2500.0,Unknown
Inside the Mind of a Dog,Unknown,7.2,2700.0,Unknown
Nawi: Dear Future Me,Unknown,7.7,217000.0,Unknown
Dahomey,Unknown,6.7,3300.0,Unknown
1978,Unknown,4.9,1300.0,Unknown
The Beach Boys,Unknown,7.1,2500.0,Unknown
Devara Part 1,Unknown,6.0,23000.0,Unknown
Depravity,Unknown,4.3,1500.0,Unknown
The Truth vs. Alex Jones,Unknown,7.4,3300.0,Unknown
Saving Bikini Bottom: The Sandy Cheeks Movie,Unknown,3.6,4600.0,Unknown
Armand,Unknown,6.1,4500.0,Unknown
The Ceremony,Unknown,7.4,71000.0,Unknown
Chime,Unknown,6.4,3500.0,Unknown
The Bloody Hundredth,Unknown,7.5,2900.0,Unknown
Castration Movie Anthology I: Traps,Unknown,7.8,200000.0,Unknown
The Family Star,Unknown,5.4,6000.0,Unknown
Eno,Unknown,8.0,350000.0,Unknown
Nedelja,Unknown,7.2,2000.0,Unknown
The Great Lillian Hall,Unknown,7.3,2500.0,Unknown
Angels Fallen: Warriors of Peace,Unknown,3.7,6600.0,Unknown
Nobody Dumps My Daughter,Unknown,6.0,209000.0,Unknown
The Apocalypse of St. John,Unknown,7.1,260000.0,Unknown
Zeitgeist: Requiem,Unknown,9.2,90000.0,Unknown
Else,Unknown,5.4,840000.0,Unknown
Sunlight,Unknown,6.7,450000.0,Unknown
Grave Torture,Unknown,6.1,3500.0,Unknown
Ride,Unknown,5.9,520000.0,Unknown
My Hero Academia: You're Next,Unknown,7.0,3700.0,Unknown
Stolen,Unknown,5.8,2400.0,Unknown
The Kingdom,Unknown,7.0,1900.0,Unknown
The Calendar Killer,Unknown,5.5,5100.0,Unknown
Iconic,Unknown,4.2,550000.0,Unknown
The Beautiful Game,Unknown,6.3,8800.0,Unknown
Was Once a Hero,Unknown,8.1,92000.0,Unknown
Scurry,Unknown,3.7,911000.0,Unknown
Gunner,Unknown,3.1,3400.0,Unknown
Misgivings,Unknown,5.6,141000.0,Unknown
Kiskisan,Unknown,5.2,352000.0,Unknown
Love Me,Unknown,5.1,3900.0,Unknown
Ghost Killer,Unknown,6.3,930000.0,Unknown
The Family Business,Unknown,5.3,149000.0,Unknown
Restless,Unknown,6.3,1500.0,Unknown
Dandelion,Unknown,5.4,457000.0,Unknown
Thelma the Unicorn,Unknown,5.8,3400.0,Unknown
Apocalypse in the Tropics,Unknown,7.5,2800.0,Unknown
Sengkolo: Malam satu suro,Unknown,5.8,75000.0,Unknown
The Clean Up Crew,Unknown,4.2,1600.0,Unknown
Die Hart 2: Die Harter,Unknown,4.3,6000.0,Unknown
Yacht Rock: A Dockumentary,Unknown,7.6,2400.0,Unknown
Return of the King: The Fall and Rise of Elvis Presley,Unknown,7.6,2300.0,Unknown
Sooryavansham,Unknown,7.1,468000.0,Unknown
Khel Khel Mein,Unknown,6.5,28000.0,Unknown
Take Cover,Unknown,5.1,3800.0,Unknown
Long Gone Heroes,Unknown,5.1,1900.0,Unknown
What Jennifer Did,Unknown,6.1,13000.0,Unknown
Block Pass,Unknown,6.8,991000.0,Unknown
Chandu Champion,Unknown,7.8,36000.0,Unknown
Grand Tour,Unknown,6.5,2700.0,Unknown
Out of My Mind,Unknown,7.4,3300.0,Unknown
Please Don't Feed the Children,Unknown,4.6,1700.0,Unknown
Night Call,Unknown,6.7,3600.0,Unknown
Tillu Square,Unknown,6.6,3600.0,Unknown
ReEntry,Unknown,6.6,23000.0,Unknown
The New Year That Never Came,Unknown,8.1,6400.0,Unknown
What Happened to Dorothy Bell?,Unknown,6.2,70000.0,Unknown
Nutcrackers,Unknown,5.5,10000.0,Unknown
This Too Shall Pass,Unknown,7.4,87000.0,Unknown
Up the Catalogue,Unknown,5.2,70000.0,Unknown
Blue Cave,Unknown,5.3,8200.0,Unknown
The Remarkable Life of Ibelin,Unknown,8.1,15000.0,Unknown
Boléro,Unknown,6.5,1200.0,Unknown
Billy & Molly: An Otter Love Story,Unknown,8.0,2500.0,Unknown
Autumn and the Black Jaguar,Unknown,5.7,1300.0,Unknown
Traumatika,Unknown,5.1,1900.0,Unknown
Werewolves,Unknown,4.4,9700.0,Unknown
"I, the Executioner",Unknown,6.3,2500.0,Unknown
"From Hilde, with Love",Unknown,7.0,1500.0,Unknown
A Million Minutes,Unknown,6.5,1300.0,Unknown
Lula Leblanc,Unknown,6.4,50000.0,Unknown
Utopia,Unknown,3.8,599000.0,Unknown
Jimmy and Stiggs,Unknown,5.4,734000.0,Unknown
Cinderella's Revenge,Unknown,3.8,1400.0,Unknown
The Reunion,Unknown,6.0,54000.0,Unknown
"Love, Divided",Unknown,6.0,5100.0,Unknown
Mary,Unknown,5.2,9100.0,Unknown
Hotspring Sharkattack,Unknown,5.3,288000.0,Unknown
A Mistake,Unknown,5.7,1600.0,Unknown
Viva La Vida,Unknown,7.6,1100.0,Unknown
Our Little Secret,Unknown,5.7,27000.0,Unknown
The Corpse Washer,Unknown,6.1,1600.0,Unknown
Let's Start a Cult,Unknown,5.9,2100.0,Unknown
I Am Nevenka,Unknown,7.0,1500.0,Unknown
Der Spitzname,Unknown,5.8,2100.0,Unknown
Successor,Unknown,6.8,1700.0,Unknown
Look Into My Eyes,Unknown,5.5,672000.0,Unknown
Singham Again,Unknown,4.3,76000.0,Unknown
Hazard,Unknown,7.0,1200.0,Unknown
Humans in the Loop,Unknown,7.4,511000.0,Unknown
Lost in the Jungle,Unknown,6.4,612000.0,Unknown
Inheritance,Unknown,5.1,4200.0,Unknown
Beatles '64,Unknown,7.2,3100.0,Unknown
Smiles and Kisses You,Unknown,6.4,147000.0,Unknown
Orion and the Dark,Unknown,6.3,19000.0,Unknown
The Contract,Unknown,6.6,116000.0,Unknown
Karma,Unknown,7.8,1600.0,Unknown
He Ain't Heavy,Unknown,6.0,441000.0,Unknown
This Is Me... Now,Unknown,4.1,7400.0,Unknown
Road Diary: Bruce Springsteen and the E Street Band,Unknown,7.7,1200.0,Unknown
Her Story,Unknown,7.5,2400.0,Unknown
Terminator: Skynet Rising,Unknown,6.3,405000.0,Unknown
We Shall Not Be Moved,Unknown,7.1,388000.0,Unknown
Sweet Bobby: My Catfish Nightmare,Unknown,6.2,6400.0,Unknown
La Raya,Unknown,6.8,13000.0,Unknown
Curse of the Seven Oceans,Unknown,5.5,632000.0,Unknown
Bloodline Killer,Unknown,4.1,5500.0,Unknown
Mukadderat,Unknown,6.9,2500.0,Unknown
They Called Him Mostly Harmless,Unknown,5.9,3600.0,Unknown
The Merry Gentlemen,Unknown,4.8,11000.0,Unknown
Footage,Unknown,4.3,2500.0,Unknown
Detained,Unknown,4.9,2300.0,Unknown
Panda Plan,Unknown,5.1,2200.0,Unknown
Monsieur Aznavour,Unknown,7.2,4200.0,Unknown
Good One,Unknown,6.7,4000.0,Unknown
A True Gentleman,Unknown,4.5,2800.0,Unknown
No Time to Spy: A Loud House Movie,Unknown,6.3,578000.0,Unknown
Last Known Location,Unknown,6.0,1500.0,Unknown
Filthy Animals,Unknown,4.7,191000.0,Unknown
Wonderland,Unknown,6.2,3000.0,Unknown
Corina,Unknown,7.0,989000.0,Unknown
This Time Next Year,Unknown,5.6,3100.0,Unknown
Citizen of a Kind,Unknown,6.7,1100.0,Unknown
Chantal in Fairyland,Unknown,4.6,3000.0,Unknown
The Last Breath,Unknown,4.7,3000.0,Unknown
Elton John: Never Too Late,Unknown,6.6,2300.0,Unknown
Pani,Unknown,6.9,3800.0,Unknown
Child Star,Unknown,6.5,1500.0,Unknown
Diamonds,Unknown,6.7,2400.0,Unknown
Trouble,Unknown,6.2,7800.0,Unknown
About Family,Unknown,6.9,308000.0,Unknown
Here Now,Unknown,5.0,758000.0,Unknown
The Curse of the Necklace,Unknown,4.4,2000.0,Unknown
Aarambham,Unknown,6.7,505000.0,Unknown
National Theatre Live: The Motive and the Cue,Unknown,8.5,213000.0,Unknown
Another End,Unknown,6.4,1200.0,Unknown
Any Other Way: The Jackie Shane Story,Unknown,8.0,105000.0,Unknown
The Uninvited,Unknown,5.2,1100.0,Unknown
Love,Unknown,7.1,1800.0,Unknown
The Mehta Boys,Unknown,7.1,3400.0,Unknown
Stress Positions,Unknown,5.0,722000.0,Unknown
Campton Manor,Unknown,3.4,286000.0,Unknown
7 Beats Per Minute,Unknown,7.6,36000.0,Unknown
Federer: Twelve Final Days,Unknown,7.3,4500.0,Unknown
My Eyes,Unknown,4.8,119000.0,Unknown
Doraemon the Movie: Nobita's Earth Symphony,Unknown,6.6,1900.0,Unknown
Heretics,Unknown,2.4,211000.0,Unknown
Kabitan,Unknown,4.4,200000.0,Unknown
Before We Forget,Unknown,7.0,326000.0,Unknown
On aurait dû aller en Grèce,Unknown,4.2,281000.0,Unknown
Compulsion,Unknown,3.6,532000.0,Unknown
5lbs of Pressure,Unknown,5.3,2000.0,Unknown
Everyone Is Going to Die,Unknown,3.9,661000.0,Unknown
Wild Wild Punjab,Unknown,6.2,18000.0,Unknown
Tura!,Unknown,7.1,170000.0,Unknown
Jagat,Unknown,7.9,92000.0,Unknown
One Fast Move,Unknown,5.0,2500.0,Unknown
Blink,Unknown,7.2,870000.0,Unknown
Bau: Artist at War,Unknown,5.2,315000.0,Unknown
Demon Slayer: Kimetsu No Yaiba - To the Hashira Training,Unknown,7.3,11000.0,Unknown
Handling the Undead,Unknown,5.3,5100.0,Unknown
Toxic,Unknown,6.7,1900.0,Unknown
Bougainvillea,Unknown,6.4,3800.0,Unknown
Blame the Game,Unknown,5.4,6000.0,Unknown
Eks,Unknown,4.3,263000.0,Unknown
Timestalker,Unknown,5.5,3500.0,Unknown
Witchy Ways,Unknown,5.5,178000.0,Unknown
Ponyboi,Unknown,5.7,697000.0,Unknown
The Fire Inside,Unknown,6.7,3600.0,Unknown
In Waves and War,Unknown,7.8,664000.0,Unknown
Miséria,Unknown,3.7,125000.0,Unknown
"Thank You, Dr. Fauci",Unknown,6.9,676000.0,Unknown
Mistress Dispeller,Unknown,6.9,383000.0,Unknown
Love Across Time,Unknown,7.0,1300.0,Unknown
Mother Father Sister Brother Frank,Unknown,5.6,472000.0,Unknown
Thiru.Manickam,Unknown,8.0,2700.0,Unknown
Buy Now! The Shopping Conspiracy,Unknown,6.7,8000.0,Unknown
Sex-Positive,Unknown,4.1,910000.0,Unknown
Shirley,Unknown,6.2,3600.0,Unknown
Outlaw Posse,Unknown,4.3,606000.0,Unknown
The Partisan,Unknown,5.1,496000.0,Unknown
Lover Stalker Killer,Unknown,7.0,15000.0,Unknown
The Bunker,Unknown,4.2,486000.0,Unknown
Boundless,Unknown,5.6,2600.0,Unknown
Shambhala,Unknown,7.1,1600.0,Unknown
Mr. Crocket,Unknown,5.4,5500.0,Unknown
The Little Mermaid,Unknown,3.5,389000.0,Unknown
Love by Request,Unknown,5.7,165000.0,Unknown
Roadkill,Unknown,3.7,761000.0,Unknown
Am I Racist?,Unknown,6.6,18000.0,Unknown
Hamlet,Unknown,5.3,255000.0,Unknown
A Little Something Extra,Unknown,7.0,6300.0,Unknown
House of Spoils,Unknown,5.1,4400.0,Unknown
Feminist Fathima,Unknown,7.7,301000.0,Unknown
Cup,Unknown,8.3,108000.0,Unknown
Heaven is Beneath Mother's Feet,Unknown,7.5,451000.0,Unknown
Butchers Book Two: Raghorn,Unknown,4.1,818000.0,Unknown
Sister Midnight,Unknown,5.7,3000.0,Unknown
Phir Aayi Hasseen Dillruba,Unknown,5.8,7300.0,Unknown
Bloody Axe Wound,Unknown,5.1,1500.0,Unknown
Classified,Unknown,3.7,3300.0,Unknown
Jack and Ava,Unknown,4.5,120000.0,Unknown
The Last Dance,Unknown,7.6,3400.0,Unknown
Poison,Unknown,6.1,590000.0,Unknown
72 Hours,Unknown,4.1,386000.0,Unknown
Reading Lolita in Tehran,Unknown,6.1,1200.0,Unknown
Sugarcane,Unknown,7.0,3900.0,Unknown
Mutants of Nature Cove,Unknown,3.3,229000.0,Unknown
Out Come the Wolves,Unknown,4.7,2000.0,Unknown
"My Wife, My Abuser: The Secret Footage",Unknown,7.1,1100.0,Unknown
Latency,Unknown,4.2,3200.0,Unknown
Nurse Abi,Unknown,4.2,209000.0,Unknown
Johnny Puff: Secret Mission,Unknown,4.6,528000.0,Unknown
The Painted,Unknown,4.8,1700.0,Unknown
Sugar Baby,Unknown,3.9,611000.0,Unknown
I Love You Forever,Unknown,5.7,976000.0,Unknown
Spread,Unknown,5.7,749000.0,Unknown
Naples to New York,Unknown,6.9,1500.0,Unknown
Little Bites,Unknown,4.7,1700.0,Unknown
Turn Me On,Unknown,5.6,1100.0,Unknown
A Sacrifice,Unknown,5.0,25000.0,Unknown
Sarfira,Unknown,7.0,14000.0,Unknown
Cocorico,Unknown,5.9,3900.0,Unknown
April,Unknown,6.5,1300.0,Unknown
Sons,Unknown,6.4,3100.0,Unknown
Audrey's Children,Unknown,6.8,945000.0,Unknown
Plan B,Unknown,5.9,1700.0,Unknown
Imaginary,Unknown,4.8,19000.0,Unknown
Vulgar,Unknown,4.7,310000.0,Unknown
The Lockdown,Unknown,4.4,677000.0,Unknown
Sunrise,Unknown,3.9,1400.0,Unknown
City Hunter,Unknown,6.3,6100.0,Unknown
Lost on a Mountain in Maine,Unknown,6.1,2800.0,Unknown
Demo_n,Unknown,4.7,83000.0,Unknown
Amar Singh Chamkila,Unknown,7.8,17000.0,Unknown
"Love, Courage and the Battle of Bushy Run",Unknown,5.1,231000.0,Unknown
Marco,Unknown,6.6,25000.0,Unknown
To a Land Unknown,Unknown,7.3,1100.0,Unknown
Checkpoint Zoo,Unknown,8.1,135000.0,Unknown
Beezel,Unknown,4.9,2000.0,Unknown
Air Force One Down,Unknown,4.5,3200.0,Unknown
Exhibiting Forgiveness,Unknown,7.0,1700.0,Unknown
Re: Zero - Starting Life in Another World- Season 3 Episode 1 90-minute Special 'Theatrical Malice',Unknown,8.8,1700.0,Unknown
Between the Temples,Unknown,6.2,3500.0,Unknown
The Quiet Ones,Unknown,6.0,1600.0,Unknown
Blackwater Lane,Unknown,4.6,3000.0,Unknown
B.O.Y.: Bruises of Yesterday,Unknown,6.6,618000.0,Unknown
A Stranger by the Hill,Unknown,3.9,87000.0,Unknown
The Greatest Night in Pop,Unknown,7.9,16000.0,Unknown
Streets of Gloria,Unknown,5.8,83000.0,Unknown
Guruvayoor Ambalanadayil,Unknown,6.6,6100.0,Unknown
Bosco,Unknown,5.4,4100.0,Unknown
Jhamkudi,Unknown,6.2,1100.0,Unknown
Sorop,Unknown,5.3,333000.0,Unknown
Endurance,Unknown,7.5,2100.0,Unknown
Cash Out,Unknown,4.8,3700.0,Unknown
How to Rob a Bank,Unknown,6.6,4500.0,Unknown
Sixty Minutes,Unknown,5.7,5600.0,Unknown
Little Wing,Unknown,6.1,1000.0,Unknown
Abraham Ozler,Unknown,6.6,5300.0,Unknown
Christspiracy,Unknown,8.5,734000.0,Unknown
The Stickman's Hollow,Unknown,5.5,56000.0,Unknown
Bade Miyan Chote Miyan,Unknown,3.7,41000.0,Unknown
S.T.A.L.K.E.R.: Shadow of the Zone,Unknown,4.7,752000.0,Unknown
Maidaan,Unknown,7.9,23000.0,Unknown
Riefenstahl,Unknown,7.2,1800.0,Unknown
Simarik,Unknown,5.3,5600.0,Unknown
Rifle Club,Unknown,7.0,5000.0,Unknown
Black Cab,Unknown,4.1,2100.0,Unknown
No Dogs Allowed,Unknown,7.6,442000.0,Unknown
Trifole,Unknown,6.2,137000.0,Unknown
Mama's Boy,Unknown,5.4,58000.0,Unknown
Escape,Unknown,5.7,1300.0,Unknown
Apollo 13: Survival,Unknown,7.4,2900.0,Unknown
Shark Warning,Unknown,3.4,516000.0,Unknown
A Place Called Silence,Unknown,6.5,1600.0,Unknown
Operation Undead,Unknown,4.7,585000.0,Unknown
Cabaret at the Kit Kat Club,Unknown,8.3,19000.0,Unknown
Noah's Ark,Unknown,4.3,760000.0,Unknown
Mother of the Bride,Unknown,4.9,18000.0,Unknown
Kanguva,Unknown,4.5,16000.0,Unknown
Naomi: Reversed,Unknown,7.0,99000.0,Unknown
Meet the Barbarians,Unknown,6.4,931000.0,Unknown
Night Shift,Unknown,5.2,1100.0,Unknown
Stormskerry Maja,Unknown,7.6,3100.0,Unknown
Bushido,Unknown,6.8,695000.0,Unknown
Becky,Unknown,3.8,266000.0,Unknown
Mononoke the Movie: The Phantom in the Rain,Unknown,6.7,1900.0,Unknown
Kangaroo Island,Unknown,6.5,559000.0,Unknown
Bastar: The Naxal Story,Unknown,6.4,3400.0,Unknown
Yolo,Unknown,6.9,4300.0,Unknown
www.RachelOrmont.com,Unknown,5.5,134000.0,Unknown
Butchers Book Three: Bonesaw,Unknown,4.6,303000.0,Unknown
The Night Before Christmas in Wonderland,Unknown,6.3,678000.0,Unknown
Unsinkable,Unknown,5.5,281000.0,Unknown
Hagen,Unknown,6.0,1700.0,Unknown
Among Neighbors,Unknown,7.5,294000.0,Unknown
Dukaan,Unknown,7.4,2000.0,Unknown
Invader,Unknown,4.9,328000.0,Unknown
Futra Days,Unknown,4.1,199000.0,Unknown
The Demon Disorder,Unknown,4.8,1500.0,Unknown
Desert Fiends,Unknown,4.1,1200.0,Unknown
Marry Christmas,Unknown,4.6,312000.0,Unknown
Troubleshooters,Unknown,6.1,462000.0,Unknown
A Sudden Case of Christmas,Unknown,5.1,1500.0,Unknown
Skinjacker,Unknown,4.8,91000.0,Unknown
Chapter 51,Unknown,5.9,14000.0,Unknown
Paper Bag Plan,Unknown,9.2,39000.0,Unknown
Kizumonogatari: Koyomi Vamp,Unknown,6.9,174000.0,Unknown
The Great Ambition,Unknown,7.0,1400.0,Unknown
Pure Love,Unknown,6.9,250000.0,Unknown
The Quintessential Quintuplets Specials 2,Unknown,6.8,333000.0,Unknown
Don't Tell Mom the Babysitter's Dead,Unknown,4.1,1600.0,Unknown
GHOST: Rite Here Rite Now,Unknown,8.6,2200.0,Unknown
Junction,Unknown,5.2,364000.0,Unknown
Horror in the High Desert 3: Firewatch,Unknown,5.4,995000.0,Unknown
Antropophagus Legacy,Unknown,5.1,24000.0,Unknown
Night of the Zoopocalypse,Unknown,6.0,1800.0,Unknown
The Southern Chronicles,Unknown,8.5,3600.0,Unknown
Gunfighter Paradise,Unknown,8.7,25000.0,Unknown
The Train of Death,Unknown,4.7,907000.0,Unknown
Secrets of the Neanderthals,Unknown,6.4,2900.0,Unknown
Sweet Angel Baby,Unknown,5.8,180000.0,Unknown
Gloria!,Unknown,6.5,1300.0,Unknown
American Delivery,Unknown,7.6,12000.0,Unknown
The Hunted,Unknown,5.0,669000.0,Unknown
Curse of the Sin Eater,Unknown,4.9,901000.0,Unknown
Shoutai,Unknown,6.8,968000.0,Unknown
The Friendly,Unknown,9.0,51000.0,Unknown
Ferry 2,Unknown,5.6,4300.0,Unknown
Psychonaut,Unknown,7.8,29000.0,Unknown
Son's Will,Unknown,7.3,1300.0,Unknown
Jane Austen Wrecked My Life,Unknown,6.2,2900.0,Unknown
Martha,Unknown,7.2,4600.0,Unknown
The White House Effect,Unknown,7.2,529000.0,Unknown
Chuck Billy and the Marvelous Guava Tree,Unknown,7.3,1500.0,Unknown
Can I Get a Witness,Unknown,5.4,325000.0,Unknown
And Their Children After Them,Unknown,6.4,1000.0,Unknown
Nefarious,Unknown,7.2,66000.0,Unknown
Echoes in the Dark,Unknown,5.7,34000.0,Unknown
Shivam Bhaje,Unknown,7.4,3100.0,Unknown
Dark Match,Unknown,5.4,1500.0,Unknown
Trust,Unknown,6.6,1200.0,Unknown
Anweshippin Kandethum,Unknown,7.4,12000.0,Unknown
The Shepherd and the Bear,Unknown,7.7,68000.0,Unknown
"Maya, Give Me a Title",Unknown,6.4,118000.0,Unknown
Broken Rage,Unknown,6.1,2000.0,Unknown
Ellis Park,Unknown,7.2,303000.0,Unknown
"Disco, Ibiza, Locomia",Unknown,6.0,1700.0,Unknown
The Unexpecteds,Unknown,4.3,81000.0,Unknown
Same Old West,Unknown,7.5,788000.0,Unknown
Gundi: Legend of Love,Unknown,8.9,5900.0,Unknown
In Search of Darkness 1990-1994: A Journey Into Iconic '90s Horror,Unknown,8.0,245000.0,Unknown
Lula,Unknown,5.2,246000.0,Unknown
Loverboy: Emoties Uit,Unknown,6.2,657000.0,Unknown
Nearing Death,Unknown,5.7,441000.0,Unknown
My Oni Girl,Unknown,6.0,2200.0,Unknown
Elyas,Unknown,6.1,2100.0,Unknown
Niki,Unknown,6.0,663000.0,Unknown
Stealing Pulp Fiction,Unknown,4.8,225000.0,Unknown
Once in a Valentine,Unknown,4.9,54000.0,Unknown
Sihinayaki Adare,Unknown,6.8,223000.0,Unknown
Hemme'nin öldügü günlerden biri,Unknown,6.2,1400.0,Unknown
The Greatest of All Time,Unknown,5.7,26000.0,Unknown
Surveilled,Unknown,6.3,772000.0,Unknown
ZombieCON Vol. 1,Unknown,4.3,127000.0,Unknown
Tom Petty: Heartbreakers Beach Party,Unknown,7.3,380000.0,Unknown
Phallacies,Unknown,6.7,17000.0,Unknown
Mistura,Unknown,8.1,689000.0,Unknown
Lovesick Ellie,Unknown,6.2,110000.0,Unknown
Solos en la noche,Unknown,4.8,121000.0,Unknown
The Holiday List,Unknown,4.1,288000.0,Unknown
Rabia,Unknown,6.2,433000.0,Unknown
Je le jure,Unknown,6.1,264000.0,Unknown
A Hip Hop Story,Unknown,8.1,124000.0,Unknown
I'm Your Venus,Unknown,7.1,690000.0,Unknown
"Kyo no Sora ga Ichiban Suki, to Mada Ienai Boku wa",Unknown,6.6,160000.0,Unknown
Last Appeal,Unknown,7.1,27000.0,Unknown
Alien: Rubicon,Unknown,2.4,1100.0,Unknown
Kix,Unknown,7.9,1300.0,Unknown
Single Car Crashes,Unknown,8.0,72000.0,Unknown
Gaami,Unknown,6.3,2100.0,Unknown
The Thundermans Return,Unknown,5.0,2100.0,Unknown
DIG! XX,Unknown,7.9,198000.0,Unknown
Doc of Chucky,Unknown,7.6,407000.0,Unknown
Los pequeños amores,Unknown,6.3,496000.0,Unknown
The Undertaker's Wife,Unknown,6.5,25000.0,Unknown
Stalker Jane,Unknown,,,Unknown
Kuhudi,Unknown,8.4,256000.0,Unknown
Reinas,Unknown,6.7,468000.0,Unknown
Becoming Madonna,Unknown,6.8,682000.0,Unknown
Paper Flowers,Unknown,7.8,158000.0,Unknown
Dikkie Dik 2: Een nieuwe vriend voor Dikkie Dik,Unknown,7.2,139000.0,Unknown
National Theatre Live: Nye,Unknown,8.1,326000.0,Unknown
Homegrown,Unknown,6.6,182000.0,Unknown
